
___________________________________________
3BB-Farm    ## [dreibb]
  8181 St. Ruprecht a.d. Raab // Dietmannsdorf 17


__________________________________________
Neuwirth|Bauernhof Neuwirth   ## [neuwirth]
  8200 Gleisdorf // Brodersdorf 21

____________________________________________
Schmallegger|Bauernhofbrauerei Johann Schmallegger  ## [schmallegger]
  8183 Floing // Haring 17

____________________________________________
Berger-Bräu      ## [bergerbraeu]
  8255 St.Jakob i. Walde  // Kirchenviertel 34

____________________________________________
Fürstenbräu    ## [fuerstenbraeu]
  8280 Fürstenfeld // Hauptstraße 31


____________________________________________
Leitn Bräu|Großstübinger Leitn Bräu   ## [leitnbraeu]
  8114 Großstübing // Nr. 34     ## fix: was => 8114 Großstübing 34


_____________________________________________
Hausbrauerei Seidl     ## [hausbrauereiseidl]
  8820 Neumarkt // Zeutschach 7

_____________________________________________
Hermax-Bräu   ## [hermaxbraeu]
  8311 Markt Hartmannsdorf // Reith 72

_____________________________________________
Kandlbauer's|Kandlbauer's Hausbräu      ## [kandlbauers]
  8190 Birkfeld // Aschau 21


_____________________________________________
Kofler|Kofler Bräu      ## [kofler]
  8786 Rottenmann // Hauptstraße 4


_____________________________________________
Hengist|Kulturbrauerei Hengist    ## [hengist]
  8411 Hengsberg // Schönberg 24


______________________________________________
Laurenzi|Laurenzi Bräu     ## [laurenzi]
  8200 Gleisdorf // Hauptplatz 3


_____________________________________________
Lava Bräu    ## [lavabraeu]
  8330 Feldbach // Auersbach 130

_____________________________________________
Marienbräu|Marienbräu Edwin Strobl   ## [marienbraeu]
  8075 Hart bei Graz // Rupertistraße 80


_____________________________________________
Moar-Bräu     ## [moarbraeu]
  8223 Stubenberg // Vockenberg 46

_____________________________________________
Nassauer|Nassauer City Bier    ## [nassauer]
  8522 Unterbergla // Nassau 48


_____________________________________________
Peterwirtsbräu   ## [peterwirtsbraeu]
  8983 Bad Mitterndorf // Nr. 68   ## fix: was => 8983 Bad Mitterndorf 68


_____________________________________________
Putz'n Bräu    ## [putznbraeu]
  8243 Pinggau // Wiesenhöf 17

_____________________________________________
s'kloane Sudhaus    ## [skloanesudhaus]
  8130 Frohnleiten // Mauritzener Hauptstraße 1

_____________________________________________
Sajacher|Sajacher Schlößl Bräu   ## [sajacher]
  8424 Gabersdorf // Sajach 23

______________________________________________
Schwalben-Bräu   ## [schwalbebraeu]
  8970 Schladming // Siedergasse 89

______________________________________________
Mariazell|Wirtshausbrauerei Mariazell   ## [mariazell]
  8630 Mariazell // Wiener Straße 5
